<?xml version="1.0" encoding="UTF-8"?>
<preferences>
 <debug showDebugMenu="0" />
 <systemtable filter="All Interfaces">
  <columns>
   <connections preferredWidth="143" />
   <irq preferredWidth="34" />
  </columns>
 </systemtable>
 <library
   expandedCategories="Project,Library/Basic Functions/Simulation; Debug and Verification,Library/Basic Functions,Library,Library/Basic Functions/Simulation; Debug and Verification/Debug and Performance" />
 <window width="1100" height="800" x="480" y="110" />
 <generation synthesis="VHDL" />
</preferences>
